timestamp,trace_id,symbol,strategy,side,confidence,entry,sl,tp1,tp2,atr,regime_score,num_agree,total_strategies
2026-05-01T04:31:44.826095+00:00,4fb52488,BTC,ensemble,BUY,69.06092206790126,77014.0,76447.9,77863.15000000001,78114.75,314.5,0,1,2
2026-05-01T04:31:57.671192+00:00,4fb52488,SOL,ensemble,BUY,74.38975694444447,83.709,82.92371428571428,84.88692857142858,85.6722142857143,0.3926428571428592,0,1,2
2026-05-01T04:32:10.538305+00:00,4fb52488,HYPE,ensemble,SELL,39.66286805555557,40.332,41.37842857142857,38.76235714285714,37.192714285714295,0.3139285714285706,1,1,2
2026-05-01T04:34:18.512992+00:00,256e6250,BTC,ensemble,BUY,69.06092206790126,77014.0,76447.9,77863.15000000001,78114.75,314.5,0,1,2
2026-05-01T04:34:18.636786+00:00,256e6250,SOL,ensemble,BUY,74.38975694444447,83.709,82.92371428571428,84.88692857142858,85.6722142857143,0.3926428571428592,0,1,2
2026-05-01T04:34:18.698943+00:00,256e6250,HYPE,ensemble,SELL,39.66286805555557,40.332,41.37842857142857,38.76235714285714,37.192714285714295,0.3139285714285706,1,1,2
2026-05-01T04:37:05.686485+00:00,6eb10235,BTC,ensemble,BUY,69.06092206790126,77042.0,76475.9,77891.15000000001,78142.75,314.5,0,1,2
2026-05-01T04:37:05.779321+00:00,6eb10235,SOL,ensemble,BUY,74.38975694444447,83.761,82.97571428571428,84.93892857142858,85.7242142857143,0.3926428571428592,0,1,2
2026-05-01T04:37:05.861231+00:00,6eb10235,HYPE,ensemble,SELL,39.66286805555557,40.321,41.36742857142857,38.751357142857145,37.18171428571429,0.3139285714285706,1,1,2
2026-05-01T04:39:19.300970+00:00,8dc25890,BTC,ensemble,BUY,69.06092206790126,77012.0,76445.9,77861.15000000001,78112.75,314.5,0,1,2
2026-05-01T04:39:48.297573+00:00,8dc25890,SOL,ensemble,BUY,74.38975694444447,83.764,82.97871428571428,84.94192857142858,85.7272142857143,0.3926428571428592,0,1,2
2026-05-01T04:39:59.309491+00:00,8dc25890,HYPE,ensemble,SELL,39.66286805555557,40.319,41.36542857142857,38.74935714285715,37.1797142857143,0.3139285714285706,1,1,2
2026-05-01T04:41:59.679652+00:00,eec73a8c,BTC,ensemble,BUY,69.06092206790126,77012.0,76445.9,77861.15000000001,78112.75,314.5,0,1,2
2026-05-01T04:41:59.777550+00:00,eec73a8c,SOL,ensemble,BUY,74.38975694444447,83.764,82.97871428571428,84.94192857142858,85.7272142857143,0.3926428571428592,0,1,2
2026-05-01T04:41:59.832590+00:00,eec73a8c,HYPE,ensemble,SELL,39.66286805555557,40.319,41.36542857142857,38.74935714285715,37.1797142857143,0.3139285714285706,1,1,2
2026-05-01T04:44:46.420604+00:00,81b8172e,BTC,ensemble,BUY,69.06092206790126,76999.0,76432.9,77848.15000000001,78099.75,314.5,0,1,2
2026-05-01T04:44:46.516571+00:00,81b8172e,SOL,ensemble,BUY,74.38975694444447,83.752,82.96671428571427,84.92992857142858,85.7152142857143,0.3926428571428592,0,1,2
2026-05-01T04:44:46.571839+00:00,81b8172e,HYPE,ensemble,SELL,39.66286805555557,40.29,41.33642857142857,38.72035714285714,37.150714285714294,0.3139285714285706,1,1,2
2026-05-01T04:47:00.099806+00:00,638aac18,BTC,ensemble,BUY,69.06092206790126,77022.0,76455.9,77871.15000000001,78122.75,314.5,0,1,2
2026-05-01T04:47:22.247004+00:00,638aac18,SOL,ensemble,BUY,74.38975694444447,83.816,83.03071428571428,84.99392857142858,85.7792142857143,0.3926428571428592,0,1,2
2026-05-01T04:47:33.597744+00:00,638aac18,HYPE,ensemble,SELL,39.66286805555557,40.324,41.37042857142857,38.754357142857145,37.18471428571429,0.3139285714285706,1,1,2
2026-05-01T04:49:34.012281+00:00,dc9f01c0,BTC,ensemble,BUY,69.06092206790126,77022.0,76455.9,77871.15000000001,78122.75,314.5,0,1,2
2026-05-01T04:49:34.120544+00:00,dc9f01c0,SOL,ensemble,BUY,74.38975694444447,83.816,83.03071428571428,84.99392857142858,85.7792142857143,0.3926428571428592,0,1,2
2026-05-01T04:49:34.206266+00:00,dc9f01c0,HYPE,ensemble,SELL,39.66286805555557,40.324,41.37042857142857,38.754357142857145,37.18471428571429,0.3139285714285706,1,1,2
2026-05-01T04:52:24.983007+00:00,f74b69f7,BTC,ensemble,BUY,69.06092206790126,77012.0,76445.9,77861.15000000001,78112.75,314.5,0,1,2
2026-05-01T04:52:25.123274+00:00,f74b69f7,SOL,ensemble,BUY,74.38975694444447,83.828,83.04271428571428,85.00592857142858,85.7912142857143,0.3926428571428592,0,1,2
2026-05-01T04:52:25.183536+00:00,f74b69f7,HYPE,ensemble,SELL,39.66286805555557,40.345,41.39142857142857,38.775357142857146,37.20571428571429,0.3139285714285706,1,1,2
2026-05-01T04:54:38.808297+00:00,14b3ca3c,BTC,ensemble,BUY,69.06092206790126,77063.0,76496.9,77912.15000000001,78163.75,314.5,0,1,2
2026-05-01T04:55:00.829158+00:00,14b3ca3c,SOL,ensemble,BUY,74.38975694444447,83.85,83.06471428571427,85.02792857142857,85.8132142857143,0.3926428571428592,0,1,2
2026-05-01T04:55:11.766384+00:00,14b3ca3c,HYPE,ensemble,SELL,39.66286805555557,40.366,41.41242857142857,38.79635714285715,37.226714285714294,0.3139285714285706,1,1,2
2026-05-01T04:57:12.157210+00:00,a1041b08,BTC,ensemble,BUY,69.06092206790126,77063.0,76496.9,77912.15000000001,78163.75,314.5,0,1,2
2026-05-01T04:57:12.257563+00:00,a1041b08,SOL,ensemble,BUY,74.38975694444447,83.85,83.06471428571427,85.02792857142857,85.8132142857143,0.3926428571428592,0,1,2
2026-05-01T04:57:12.315608+00:00,a1041b08,HYPE,ensemble,SELL,39.66286805555557,40.366,41.41242857142857,38.79635714285715,37.226714285714294,0.3139285714285706,1,1,2
2026-05-01T04:59:58.743940+00:00,6e0d5e9d,BTC,ensemble,BUY,69.06092206790126,77022.0,76455.9,77871.15000000001,78122.75,314.5,0,1,2
2026-05-01T04:59:58.837427+00:00,6e0d5e9d,SOL,ensemble,BUY,74.38975694444447,83.814,83.02871428571427,84.99192857142857,85.7772142857143,0.3926428571428592,0,1,2
2026-05-01T04:59:58.893780+00:00,6e0d5e9d,HYPE,ensemble,SELL,39.66286805555557,40.358,41.40442857142857,38.78835714285714,37.21871428571429,0.3139285714285706,1,1,2
2026-05-01T05:02:24.731260+00:00,57c87036,ETH,ensemble,BUY,74.38975694444447,2278.1,2258.9,2306.8999999999996,2326.1,9.599999999999975,0,1,2
2026-05-01T05:04:46.811239+00:00,0c83f8e3,ETH,ensemble,BUY,74.38975694444447,2278.1,2258.9,2306.8999999999996,2326.1,9.599999999999975,0,1,2
2026-05-01T05:06:00.146857+00:00,eea235cc,BTC,ensemble,BUY,62.15482986111113,77098.0,76583.45714285714,77869.8142857143,78098.5,285.85714285714283,0,1,2
2026-05-01T05:07:33.284534+00:00,c755d94e,ETH,ensemble,BUY,74.38975694444447,2283.2,2263.442857142857,2312.835714285714,2332.5928571428567,9.878571428571377,0,1,2
2026-05-01T05:08:33.472730+00:00,32a8db52,BTC,ensemble,BUY,62.15482986111113,77098.0,76583.45714285714,77869.8142857143,78098.5,285.85714285714283,0,1,2
2026-05-01T05:09:57.823223+00:00,9c2bda08,ETH,ensemble,BUY,74.38975694444447,2285.0,2264.842857142857,2315.2357142857145,2335.392857142857,10.07857142857139,0,1,2
2026-05-01T05:10:08.830944+00:00,9c2bda08,SOL,ensemble,BUY,58.63663194444447,84.149,83.48891428571429,85.13912857142857,85.4325,0.36671428571428777,0,1,2
2026-05-01T05:11:24.675611+00:00,55ad771d,BTC,ensemble,BUY,62.15482986111113,77148.0,76626.38571428572,77930.42142857143,78162.25,289.7857142857143,0,1,2
2026-05-01T05:12:24.970505+00:00,bcfb94a5,ETH,ensemble,BUY,74.38975694444447,2285.0,2264.842857142857,2315.2357142857145,2335.392857142857,10.07857142857139,0,1,2
2026-05-01T05:12:25.025463+00:00,bcfb94a5,SOL,ensemble,BUY,58.63663194444447,84.149,83.48891428571429,85.13912857142857,85.4325,0.36671428571428777,0,1,2
2026-05-01T05:13:38.348826+00:00,d7c55b76,BTC,ensemble,BUY,62.15482986111113,77121.0,76599.38571428572,77903.42142857143,78135.25,289.7857142857143,0,1,2
2026-05-01T05:15:11.456477+00:00,9f5f8666,ETH,ensemble,BUY,74.38975694444447,2283.8,2263.6428571428573,2314.0357142857147,2334.192857142857,10.07857142857139,0,1,2
2026-05-01T05:15:11.513625+00:00,9f5f8666,SOL,ensemble,BUY,58.63663194444447,84.156,83.48935714285714,85.1559642857143,85.45225000000002,0.37035714285714505,0,1,2
2026-05-01T05:16:11.712666+00:00,7eddef88,BTC,ensemble,BUY,62.15482986111113,77121.0,76599.38571428572,77903.42142857143,78135.25,289.7857142857143,0,1,2
2026-05-01T05:17:36.107065+00:00,104bec24,ETH,ensemble,BUY,74.38975694444447,2283.3,2263.1428571428573,2313.5357142857147,2333.692857142857,10.07857142857139,0,1,2
2026-05-01T05:17:47.140714+00:00,104bec24,SOL,ensemble,BUY,58.63663194444447,84.031,83.36435714285714,85.0309642857143,85.32725000000002,0.37035714285714505,0,1,2
2026-05-01T05:18:58.199788+00:00,8d0a11f5,BTC,ensemble,BUY,62.15482986111113,77087.0,76565.38571428572,77869.42142857143,78101.25,289.7857142857143,0,1,2
2026-05-01T05:19:58.503327+00:00,0ce744bd,ETH,ensemble,BUY,74.38975694444447,2283.3,2263.1428571428573,2313.5357142857147,2333.692857142857,10.07857142857139,0,1,2
2026-05-01T05:19:58.562072+00:00,0ce744bd,SOL,ensemble,BUY,58.63663194444447,84.031,83.36435714285714,85.0309642857143,85.32725000000002,0.37035714285714505,0,1,2
2026-05-01T05:21:11.927210+00:00,147a7ec9,BTC,ensemble,BUY,62.15482986111113,77051.0,76529.38571428572,77833.42142857143,78065.25,289.7857142857143,0,1,2
2026-05-01T05:22:45.140163+00:00,b5c0d720,ETH,ensemble,BUY,74.38975694444447,2283.2,2263.042857142857,2313.4357142857143,2333.5928571428567,10.07857142857139,0,1,2
2026-05-01T05:22:45.220825+00:00,b5c0d720,SOL,ensemble,BUY,58.63663194444447,83.983,83.31635714285714,84.9829642857143,85.27925000000002,0.37035714285714505,0,1,2
2026-05-01T05:23:45.366978+00:00,5f48206f,BTC,ensemble,BUY,62.15482986111113,77051.0,76529.38571428572,77833.42142857143,78065.25,289.7857142857143,0,1,2
2026-05-01T05:24:55.042238+00:00,aa34d3ad,ETH,ensemble,BUY,74.38975694444447,2283.0,2262.842857142857,2313.2357142857145,2333.392857142857,10.07857142857139,0,1,2
2026-05-01T05:24:56.046824+00:00,aa34d3ad,SOL,ensemble,BUY,58.63663194444447,84.014,83.34735714285713,85.01396428571428,85.31025,0.37035714285714505,0,1,2
2026-05-01T05:26:06.924160+00:00,2f551110,BTC,ensemble,BUY,62.15482986111113,77073.0,76551.38571428572,77855.42142857143,78087.25,289.7857142857143,0,1,2
2026-05-01T05:27:07.225817+00:00,fa7d92e2,ETH,ensemble,BUY,74.38975694444447,2283.0,2262.842857142857,2313.2357142857145,2333.392857142857,10.07857142857139,0,1,2
2026-05-01T05:27:07.288249+00:00,fa7d92e2,SOL,ensemble,BUY,58.63663194444447,84.014,83.34735714285713,85.01396428571428,85.31025,0.37035714285714505,0,1,2
2026-05-01T05:28:20.691428+00:00,7465351f,BTC,ensemble,BUY,62.15482986111113,77084.0,76562.38571428572,77866.42142857143,78098.25,289.7857142857143,0,1,2
2026-05-01T05:29:57.965329+00:00,6f8ab740,ETH,ensemble,BUY,74.38975694444447,2282.1,2261.942857142857,2312.335714285714,2332.492857142857,10.07857142857139,0,1,2
2026-05-01T05:29:58.020888+00:00,6f8ab740,SOL,ensemble,BUY,58.63663194444447,83.984,83.31735714285713,84.98396428571428,85.28025,0.37035714285714505,0,1,2
2026-05-01T05:30:58.162538+00:00,bc3d4043,BTC,ensemble,BUY,62.15482986111113,77084.0,76562.38571428572,77866.42142857143,78098.25,289.7857142857143,0,1,2
2026-05-01T05:32:28.355471+00:00,f3ee7fd8,ETH,ensemble,BUY,74.38975694444447,2281.2,2261.042857142857,2311.4357142857143,2331.5928571428567,10.07857142857139,0,1,2
2026-05-01T05:32:38.629117+00:00,f3ee7fd8,SOL,ensemble,BUY,58.63663194444447,83.962,83.29535714285714,84.96196428571429,85.25825,0.37035714285714505,0,1,2
2026-05-01T05:33:51.128051+00:00,e480fe9a,BTC,ensemble,BUY,62.15482986111113,77040.0,76518.38571428572,77822.42142857143,78054.25,289.7857142857143,0,1,2
2026-05-01T05:34:51.526626+00:00,d97f82ee,ETH,ensemble,BUY,74.38975694444447,2281.2,2261.042857142857,2311.4357142857143,2331.5928571428567,10.07857142857139,0,1,2
2026-05-01T05:34:51.587494+00:00,d97f82ee,SOL,ensemble,BUY,58.63663194444447,83.962,83.29535714285714,84.96196428571429,85.25825,0.37035714285714505,0,1,2
2026-05-01T05:35:59.497710+00:00,3e1485e0,BTC,ensemble,BUY,62.15482986111113,77059.0,76537.38571428572,77841.42142857143,78073.25,289.7857142857143,0,1,2
2026-05-01T05:37:32.217153+00:00,4596e83f,ETH,ensemble,BUY,74.38975694444447,2282.3,2262.1428571428573,2312.5357142857147,2332.692857142857,10.07857142857139,0,1,2
2026-05-01T05:37:32.274424+00:00,4596e83f,SOL,ensemble,BUY,58.63663194444447,83.966,83.29935714285713,84.96596428571428,85.26225,0.37035714285714505,0,1,2
2026-05-01T05:38:32.442354+00:00,69085f27,BTC,ensemble,BUY,62.15482986111113,77059.0,76537.38571428572,77841.42142857143,78073.25,289.7857142857143,0,1,2
2026-05-01T05:39:56.721931+00:00,48fb375e,ETH,ensemble,BUY,74.38975694444447,2281.6,2261.442857142857,2311.835714285714,2331.992857142857,10.07857142857139,0,1,2
2026-05-01T05:40:07.809096+00:00,48fb375e,SOL,ensemble,BUY,58.63663194444447,84.033,83.36635714285714,85.03296428571429,85.32925,0.37035714285714505,0,1,2
2026-05-01T05:41:18.840419+00:00,fff0131c,BTC,ensemble,BUY,62.15482986111113,77036.0,76514.38571428572,77818.42142857143,78050.25,289.7857142857143,0,1,2
2026-05-01T05:42:19.161709+00:00,a93e0b50,ETH,ensemble,BUY,74.38975694444447,2281.6,2261.442857142857,2311.835714285714,2331.992857142857,10.07857142857139,0,1,2
2026-05-01T05:42:19.252912+00:00,a93e0b50,SOL,ensemble,BUY,58.63663194444447,84.033,83.36635714285714,85.03296428571429,85.32925,0.37035714285714505,0,1,2
2026-05-01T05:43:32.626744+00:00,f7acab97,BTC,ensemble,BUY,62.15482986111113,77075.0,76553.38571428572,77857.42142857143,78089.25,289.7857142857143,0,1,2
2026-05-01T05:45:55.774433+00:00,203bed0a,BTC,ensemble,BUY,62.15482986111113,77075.0,76553.38571428572,77857.42142857143,78089.25,289.7857142857143,0,1,2
2026-05-01T05:45:55.829605+00:00,203bed0a,ETH,ensemble,BUY,74.38975694444447,2282.4,2262.2428571428572,2312.635714285714,2332.792857142857,10.07857142857139,0,1,2
2026-05-01T05:45:55.897553+00:00,203bed0a,SOL,ensemble,BUY,58.63663194444447,84.081,83.41435714285714,85.08096428571429,85.37725,0.37035714285714505,0,1,2
2026-05-01T05:48:44.603042+00:00,9072e144,BTC,ensemble,BUY,62.15482986111113,77084.0,76562.38571428572,77866.42142857143,78098.25,289.7857142857143,0,1,2
2026-05-01T05:48:46.484050+00:00,9072e144,ETH,ensemble,BUY,74.38975694444447,2282.9,2262.7428571428572,2313.135714285714,2333.292857142857,10.07857142857139,0,1,2
2026-05-01T05:48:48.516027+00:00,9072e144,SOL,ensemble,BUY,58.63663194444447,84.079,83.41235714285713,85.07896428571428,85.37525,0.37035714285714505,0,1,2
2026-05-01T05:51:13.125663+00:00,cc922969,BTC,ensemble,BUY,62.15482986111113,77109.0,76587.38571428572,77891.42142857143,78123.25,289.7857142857143,0,1,2
2026-05-01T05:51:24.168652+00:00,cc922969,ETH,ensemble,BUY,74.38975694444447,2284.4,2264.2428571428572,2314.635714285714,2334.792857142857,10.07857142857139,0,1,2
2026-05-01T05:51:35.527671+00:00,cc922969,SOL,ensemble,BUY,58.63663194444447,84.109,83.44235714285713,85.10896428571428,85.40525,0.37035714285714505,0,1,2
2026-05-01T05:53:46.467308+00:00,e5ca5ac2,BTC,ensemble,BUY,62.15482986111113,77109.0,76587.38571428572,77891.42142857143,78123.25,289.7857142857143,0,1,2
2026-05-01T05:53:46.525969+00:00,e5ca5ac2,ETH,ensemble,BUY,74.38975694444447,2284.4,2264.2428571428572,2314.635714285714,2334.792857142857,10.07857142857139,0,1,2
2026-05-01T05:53:46.580568+00:00,e5ca5ac2,SOL,ensemble,BUY,58.63663194444447,84.109,83.44235714285713,85.10896428571428,85.40525,0.37035714285714505,0,1,2
2026-05-01T05:56:33.005932+00:00,430ac61a,BTC,ensemble,BUY,62.15482986111113,77111.0,76589.38571428572,77893.42142857143,78125.25,289.7857142857143,0,1,2
2026-05-01T05:56:33.093181+00:00,430ac61a,ETH,ensemble,BUY,74.38975694444447,2283.9,2263.7428571428572,2314.135714285714,2334.292857142857,10.07857142857139,0,1,2
2026-05-01T05:56:33.160391+00:00,430ac61a,SOL,ensemble,BUY,58.63663194444447,84.059,83.39235714285714,85.0589642857143,85.35525000000001,0.37035714285714505,0,1,2
2026-05-01T05:58:46.780551+00:00,f2d50680,BTC,ensemble,BUY,62.15482986111113,77139.0,76617.38571428572,77921.42142857143,78153.25,289.7857142857143,0,1,2
2026-05-01T05:58:56.180132+00:00,f2d50680,ETH,ensemble,BUY,74.38975694444447,2283.7,2263.542857142857,2313.9357142857143,2334.0928571428567,10.07857142857139,0,1,2
2026-05-01T05:58:57.798723+00:00,f2d50680,SOL,ensemble,BUY,58.63663194444447,84.06,83.39335714285714,85.0599642857143,85.35625000000002,0.37035714285714505,0,1,2
2026-05-01T06:00:51.930643+00:00,862410c4,BTC,ensemble,BUY,62.15482986111113,77139.0,76617.38571428572,77921.42142857143,78153.25,289.7857142857143,0,1,2
2026-05-01T06:09:32.067527+00:00,8cca9c7b,SOL,ensemble,BUY,40.40063940972223,84.047,83.42857142857142,84.97464285714287,85.24950000000001,0.34357142857143075,0,1,2
2026-05-01T06:40:46.996786+00:00,d80e48aa,BTC,ensemble,BUY,55.93934687500003,76999.0,76494.74285714286,77755.38571428572,77979.5,280.14285714285717,0,1,2
2026-05-01T06:42:53.846690+00:00,ee4dd433,BTC,ensemble,BUY,55.93934687500003,76999.0,76494.74285714286,77755.38571428572,77979.5,280.14285714285717,0,1,2
2026-05-01T06:45:16.548862+00:00,5c491897,BTC,ensemble,BUY,62.15482986111113,76932.0,76416.81428571428,77704.77857142859,77933.75,286.2142857142857,0,1,2
2026-05-01T06:47:33.570423+00:00,ed35ab97,BTC,ensemble,BUY,62.15482986111113,76962.0,76446.81428571428,77734.77857142859,77963.75,286.2142857142857,0,1,2
2026-05-01T06:49:35.864059+00:00,65ab5120,BTC,ensemble,BUY,62.15482986111113,76962.0,76446.81428571428,77734.77857142859,77963.75,286.2142857142857,0,1,2
2026-05-01T06:51:51.978218+00:00,ba6ac022,BTC,ensemble,BUY,62.15482986111113,76860.0,76335.94285714286,77646.08571428571,77879.0,291.14285714285717,0,1,2
2026-05-01T06:51:52.110117+00:00,ba6ac022,SOL,ensemble,BUY,58.63663194444447,83.687,83.02125714285714,84.68561428571428,84.98150000000001,0.3698571428571447,0,1,2
2026-05-01T06:55:22.053085+00:00,cc0d8bc1,BTC,ensemble,BUY,62.15482986111113,76954.0,76429.94285714286,77740.08571428571,77973.0,291.14285714285717,0,1,2
2026-05-01T06:55:27.562686+00:00,cc0d8bc1,SOL,ensemble,BUY,52.77296875000002,83.781,83.11345714285714,84.7823142857143,85.07900000000001,0.3708571428571454,0,1,2
2026-05-01T06:57:38.889514+00:00,466dff9b,BTC,ensemble,BUY,62.15482986111113,76954.0,76429.94285714286,77740.08571428571,77973.0,291.14285714285717,0,1,2
2026-05-01T06:57:38.986930+00:00,466dff9b,SOL,ensemble,BUY,52.77296875000002,83.781,83.11345714285714,84.7823142857143,85.07900000000001,0.3708571428571454,0,1,2
2026-05-01T06:59:51.687048+00:00,9364dd42,SOL,ensemble,BUY,52.77296875000002,83.876,83.20845714285714,84.8773142857143,85.174,0.3708571428571454,0,1,2
2026-05-01T07:01:07.802296+00:00,1fb6a4c2,ETH,ensemble,BUY,58.63663194444447,2278.3,2259.824285714286,2306.0135714285716,2314.225,10.264285714285668,0,1,2
2026-05-01T11:21:31.741958+00:00,4feb6982,BTC,ensemble,BUY,46.16258798225309,77559.0,76789.17857142857,79098.64285714286,80638.28571428571,307.92857142857144,3,1,2
2026-05-01T11:23:49.917210+00:00,b283514d,BTC,ensemble,BUY,46.16258798225309,77559.0,76789.17857142857,79098.64285714286,80638.28571428571,307.92857142857144,3,1,2
2026-05-01T12:14:55.779376+00:00,24e275c2,BTC,ensemble,BUY,46.16258798225309,77653.8,76946.99642857144,79067.40714285713,80481.01428571428,282.7214285714269,3,1,2
2026-05-01T12:17:12.843322+00:00,c1c1820b,BTC,ensemble,BUY,46.16258798225309,77653.8,76946.99642857144,79067.40714285713,80481.01428571428,282.7214285714269,3,1,2
2026-05-01T12:19:38.220563+00:00,08943440,BTC,ensemble,BUY,46.16258798225309,77636.0,76863.5,79181.0,80726.0,309.0,3,1,2
2026-05-01T12:21:55.001192+00:00,b96c6410,BTC,ensemble,BUY,46.16258798225309,77703.0,76920.85714285714,79267.28571428571,80831.57142857143,312.85714285714283,3,1,2
2026-05-01T12:25:00.758529+00:00,c4d84b32,BTC,ensemble,BUY,46.16258798225309,77720.0,76927.67857142857,79304.64285714286,80889.28571428571,316.92857142857144,3,1,2
2026-05-01T12:27:29.195950+00:00,21e939c0,BTC,ensemble,BUY,46.16258798225309,77720.0,76927.67857142857,79304.64285714286,80889.28571428571,316.92857142857144,3,1,2
2026-05-01T12:29:43.254084+00:00,bbcb6754,BTC,ensemble,BUY,46.16258798225309,77787.1,77057.36785714288,79246.56428571428,80706.02857142856,291.89285714285506,3,1,2
2026-05-01T12:32:17.764952+00:00,e3654016,BTC,ensemble,BUY,46.16258798225309,77805.0,77001.42857142857,79412.14285714286,81019.28571428571,321.42857142857144,3,1,2
2026-05-01T12:34:34.118263+00:00,eb946948,BTC,ensemble,BUY,46.16258798225309,77805.0,77001.42857142857,79412.14285714286,81019.28571428571,321.42857142857144,3,1,2
2026-05-01T12:36:38.549770+00:00,6c6a7c97,BTC,ensemble,BUY,46.16258798225309,78015.0,77160.53571428571,79723.92857142857,81432.85714285714,341.7857142857143,3,1,2
2026-05-01T12:38:55.073739+00:00,e760bf3c,BTC,ensemble,BUY,46.16258798225309,78015.0,77160.53571428571,79723.92857142857,81432.85714285714,341.7857142857143,3,1,2
2026-05-01T12:41:13.755899+00:00,03fab039,BTC,ensemble,BUY,46.16258798225309,78060.0,77200.53571428571,79778.92857142857,81497.85714285714,343.7857142857143,3,1,2
2026-05-01T12:43:37.266656+00:00,904c09ef,BTC,ensemble,BUY,46.16258798225309,78060.0,77200.53571428571,79778.92857142857,81497.85714285714,343.7857142857143,3,1,2
2026-05-01T12:46:27.394911+00:00,ca7850a4,BTC,ensemble,BUY,46.16258798225309,77913.0,77053.53571428571,79631.92857142857,81350.85714285714,343.7857142857143,3,1,2
2026-05-01T12:48:42.490755+00:00,ec5cbc56,BTC,ensemble,BUY,46.16258798225309,77988.0,77128.53571428571,79706.92857142857,81425.85714285714,343.7857142857143,3,1,2
2026-05-01T12:51:47.737504+00:00,63cffd1c,BTC,ensemble,BUY,46.16258798225309,77964.0,77104.53571428571,79682.92857142857,81401.85714285714,343.7857142857143,3,1,2
2026-05-01T12:54:12.200396+00:00,9b5cf1df,BTC,ensemble,BUY,46.16258798225309,77964.0,77104.53571428571,79682.92857142857,81401.85714285714,343.7857142857143,3,1,2
2026-05-01T12:57:30.661758+00:00,4008d989,BTC,ensemble,BUY,46.16258798225309,77917.0,77057.53571428571,79635.92857142857,81354.85714285714,343.7857142857143,3,1,2
2026-05-01T12:59:40.406555+00:00,f366cdab,BTC,ensemble,BUY,46.16258798225309,77905.0,77045.53571428571,79623.92857142857,81342.85714285714,343.7857142857143,3,1,2
2026-05-01T13:01:45.806834+00:00,b9331873,BTC,ensemble,BUY,46.16258798225309,77905.0,77045.53571428571,79623.92857142857,81342.85714285714,343.7857142857143,3,1,2
2026-05-01T13:03:59.986475+00:00,0df7717a,BTC,ensemble,BUY,47.582975304783965,78095.0,77462.68571428572,79043.47142857141,79324.5,351.2857142857143,0,1,2
2026-05-01T13:06:27.022940+00:00,42346410,BTC,ensemble,BUY,47.582975304783965,78158.0,77516.81428571428,79119.77857142859,79404.75,356.2142857142857,0,1,2
2026-05-01T13:08:38.246152+00:00,20632c93,BTC,ensemble,BUY,47.582975304783965,78158.0,77516.81428571428,79119.77857142859,79404.75,356.2142857142857,0,1,2
2026-05-01T13:11:24.745193+00:00,a4b4f069,BTC,ensemble,BUY,51.13394361111113,78181.0,77538.78571428571,79144.32142857143,79429.75,356.7857142857143,0,1,2
2026-05-01T13:17:02.946285+00:00,f5402a66,BTC,ensemble,BUY,53.26452459490742,78324.0,77654.4,79328.40000000001,79626.0,372.0,0,1,2
2026-05-01T13:19:36.186961+00:00,06334dba,BTC,ensemble,BUY,53.26452459490742,78324.0,77654.4,79328.40000000001,79626.0,372.0,0,1,2
2026-05-01T13:21:54.574762+00:00,12214b50,BTC,ensemble,BUY,51.13394361111113,78277.0,77607.4,79281.40000000001,79579.0,372.0,0,1,2
2026-05-01T13:24:18.585832+00:00,8d0952e7,BTC,ensemble,BUY,53.26452459490742,78312.0,77642.4,79316.40000000001,79614.0,372.0,0,1,2
2026-05-01T13:26:26.973012+00:00,16cad514,BTC,ensemble,BUY,53.26452459490742,78312.0,77642.4,79316.40000000001,79614.0,372.0,0,1,2
2026-05-01T13:29:12.756782+00:00,57efef3d,BTC,ensemble,BUY,51.13394361111113,78272.0,77602.4,79276.40000000001,79574.0,372.0,0,1,2
2026-05-01T13:35:05.571672+00:00,f2694ef4,BTC,ensemble,BUY,53.26452459490742,78418.0,77739.14285714286,79436.28571428571,79738.0,377.14285714285717,0,1,2
2026-05-01T13:39:07.498622+00:00,7bb67775,BTC,ensemble,BUY,51.13394361111113,78271.0,77590.21428571429,79292.17857142857,79594.75,378.2142857142857,0,1,2
2026-05-01T13:41:55.823605+00:00,79b89332,BTC,ensemble,BUY,51.13394361111113,78271.0,77590.21428571429,79292.17857142857,79594.75,378.2142857142857,0,1,2
2026-05-01T13:44:38.266354+00:00,89ad331d,BTC,ensemble,BUY,51.13394361111113,78145.0,77464.21428571429,79166.17857142857,79468.75,378.2142857142857,0,1,2
2026-05-01T13:47:03.725292+00:00,c346e839,BTC,ensemble,BUY,51.13394361111113,78164.0,77483.21428571429,79185.17857142857,79487.75,378.2142857142857,0,1,2
2026-05-01T13:49:39.896622+00:00,3902163a,BTC,ensemble,BUY,53.26452459490742,78334.0,77653.21428571429,79355.17857142857,79657.75,378.2142857142857,0,1,2
2026-05-01T13:51:55.064856+00:00,9f9a8d98,BTC,ensemble,BUY,53.26452459490742,78334.0,77653.21428571429,79355.17857142857,79657.75,378.2142857142857,0,1,2
2026-05-01T13:54:13.606003+00:00,92ace1fe,BTC,ensemble,BUY,53.26452459490742,78428.0,77747.21428571429,79449.17857142857,79751.75,378.2142857142857,0,1,2
2026-05-01T13:56:31.033940+00:00,765bf644,BTC,ensemble,BUY,53.26452459490742,78740.0,78006.11428571428,79840.82857142857,80167.0,407.7142857142858,0,1,2
2026-05-01T13:58:48.835410+00:00,64163000,BTC,ensemble,BUY,53.26452459490742,78740.0,78006.11428571428,79840.82857142857,80167.0,407.7142857142858,0,1,2
2026-05-01T14:00:13.336035+00:00,09a34957,ETH,ensemble,BUY,44.88959934413582,2320.6,2298.1642857142856,2354.2535714285714,2364.225,12.464285714285714,0,1,2
2026-05-01T14:01:14.164749+00:00,ae0d866d,BTC,ensemble,BUY,49.71355628858026,78690.0,77985.68571428572,79746.47142857141,80059.5,391.2857142857143,0,1,2
2026-05-01T14:02:26.783378+00:00,92dbf097,ETH,ensemble,BUY,44.88959934413582,2320.6,2298.1642857142856,2354.2535714285714,2364.225,12.464285714285714,0,1,2
2026-05-01T14:03:32.019511+00:00,533a7070,BTC,ensemble,BUY,47.582975304783965,78585.0,77862.42857142857,79668.85714285716,79990.0,401.42857142857144,0,1,2
2026-05-01T14:04:38.348249+00:00,caaa0316,ETH,ensemble,BUY,44.88959934413582,2317.8,2295.2485714285717,2351.6271428571426,2361.65,12.528571428571436,0,1,2
2026-05-01T14:05:55.037571+00:00,73d31363,BTC,ensemble,BUY,47.582975304783965,78585.0,77862.42857142857,79668.85714285716,79990.0,401.42857142857144,0,1,2
2026-05-01T14:07:02.264037+00:00,66965186,ETH,ensemble,BUY,44.88959934413582,2318.5,2295.82,2352.5199999999995,2362.6,12.600000000000005,0,1,2
2026-05-01T14:08:02.494656+00:00,f3eaff21,BTC,ensemble,BUY,47.582975304783965,78631.0,77906.37142857142,79717.94285714286,80040.0,402.57142857142856,0,1,2
2026-05-01T14:09:28.350594+00:00,67e6921f,ETH,ensemble,BUY,46.43870101080248,2318.5,2295.82,2352.5199999999995,2362.6,12.600000000000005,0,1,2
2026-05-01T14:10:32.579948+00:00,c89298a8,BTC,ensemble,BUY,49.71355628858026,78636.0,77911.37142857142,79722.94285714286,80045.0,402.57142857142856,0,1,2
2026-05-01T14:11:32.900597+00:00,2feecfc6,ETH,ensemble,BUY,46.32999212191359,2319.1,2296.42,2353.12,2363.2,12.600000000000005,0,1,2
2026-05-01T14:13:45.022151+00:00,ec94fdbd,BTC,ensemble,BUY,49.71355628858026,78825.0,78091.37142857142,79925.44285714286,80251.5,407.5714285714285,0,1,2
2026-05-01T14:13:47.668986+00:00,ec94fdbd,ETH,ensemble,BUY,48.23805959876544,2323.7,2300.66,2358.2599999999998,2368.5,12.799999999999986,0,1,2
2026-05-01T14:15:50.057867+00:00,afc70ed4,BTC,ensemble,BUY,49.71355628858026,78825.0,78091.37142857142,79925.44285714286,80251.5,407.5714285714285,0,1,2
2026-05-01T14:15:50.115257+00:00,afc70ed4,ETH,ensemble,BUY,50.398648765432114,2323.7,2300.66,2358.2599999999998,2368.5,12.799999999999986,0,1,2
2026-05-01T14:18:48.008607+00:00,cee40ff4,BTC,ensemble,BUY,47.582975304783965,78624.0,77890.37142857142,79724.44285714286,80050.5,407.5714285714285,0,1,2
2026-05-01T14:18:49.027213+00:00,cee40ff4,ETH,ensemble,BUY,50.05213918209878,2319.49,2298.6395714285713,2350.7656428571427,2360.0325,11.583571428571465,0,1,2
2026-05-01T14:21:03.356210+00:00,7480deec,BTC,ensemble,BUY,51.13394361111113,78453.0,77700.34285714285,79581.98571428572,79916.5,418.14285714285717,0,1,2
2026-05-01T14:21:03.453086+00:00,7480deec,ETH,ensemble,BUY,51.13394361111113,2314.1,2290.5842857142857,2349.3735714285713,2359.825,13.064285714285688,0,1,2
2026-05-01T14:23:26.138414+00:00,cef3a9cc,BTC,ensemble,BUY,51.13394361111113,78453.0,77700.34285714285,79581.98571428572,79916.5,418.14285714285717,0,1,2
2026-05-01T14:23:26.195262+00:00,cef3a9cc,ETH,ensemble,BUY,50.86896569444446,2314.1,2290.5842857142857,2349.3735714285713,2359.825,13.064285714285688,0,1,2
2026-05-01T14:25:54.807417+00:00,ceb20d6e,BTC,ensemble,BUY,51.13394361111113,78356.0,77596.27142857143,79495.59285714285,79833.25,422.07142857142856,0,1,2
2026-05-01T14:25:55.911149+00:00,ceb20d6e,ETH,ensemble,BUY,50.58360486111113,2311.0,2287.304285714286,2346.5435714285713,2357.075,13.164285714285695,0,1,2
2026-05-01T14:28:02.622995+00:00,223ec4fe,BTC,ensemble,BUY,51.13394361111113,78231.0,77443.24285714286,79412.63571428572,79762.75,437.64285714285717,0,1,2
2026-05-01T14:28:02.726332+00:00,223ec4fe,ETH,ensemble,BUY,50.33221555555557,2309.6,2285.39,2345.915,2356.6749999999997,13.449999999999982,0,1,2
2026-05-01T14:28:02.783977+00:00,223ec4fe,SOL,ensemble,BUY,70.01388888888891,84.191,83.34692857142858,85.45710714285714,85.83225,0.4689285714285723,0,1,2
2026-05-01T14:30:33.172932+00:00,07bb60b5,BTC,ensemble,BUY,51.13394361111113,78231.0,77443.24285714286,79412.63571428572,79762.75,437.64285714285717,0,1,2
2026-05-01T14:30:33.227249+00:00,07bb60b5,ETH,ensemble,BUY,48.239569444444456,2309.6,2285.39,2345.915,2356.6749999999997,13.449999999999982,0,1,2
2026-05-01T14:30:33.280651+00:00,07bb60b5,SOL,ensemble,BUY,70.01388888888891,84.191,83.34692857142858,85.45710714285714,85.83225,0.4689285714285723,0,1,2
2026-05-01T14:32:49.704550+00:00,908872d9,BTC,ensemble,BUY,66.79325000000003,78165.0,77375.05714285714,79349.91428571429,79701.0,438.85714285714283,0,1,2
2026-05-01T14:32:52.834949+00:00,908872d9,ETH,ensemble,BUY,63.012500000000024,2306.3,2281.897142857143,2342.904285714286,2353.75,13.557142857142837,0,1,2
2026-05-01T14:32:54.682818+00:00,908872d9,SOL,ensemble,BUY,70.01388888888891,84.035,83.18771428571428,85.30592857142858,85.6825,0.4707142857142869,0,1,2
2026-05-01T14:35:03.340856+00:00,48a6c61e,BTC,ensemble,BUY,51.13394361111113,78215.0,77425.05714285714,79399.91428571429,79751.0,438.85714285714283,0,1,2
2026-05-01T14:35:03.392206+00:00,48a6c61e,ETH,ensemble,BUY,48.239569444444456,2308.2,2283.7971428571427,2344.8042857142855,2355.6499999999996,13.557142857142837,0,1,2
2026-05-01T14:35:03.463115+00:00,48a6c61e,SOL,ensemble,BUY,70.01388888888891,84.036,83.1882,85.30770000000001,85.68450000000001,0.47100000000000164,0,1,2
2026-05-01T14:37:32.725864+00:00,6f281fb7,BTC,ensemble,BUY,51.13394361111113,78215.0,77425.05714285714,79399.91428571429,79751.0,438.85714285714283,0,1,2
2026-05-01T14:37:32.801139+00:00,6f281fb7,ETH,ensemble,BUY,48.239569444444456,2308.2,2283.7971428571427,2344.8042857142855,2355.6499999999996,13.557142857142837,0,1,2
2026-05-01T14:37:32.857594+00:00,6f281fb7,SOL,ensemble,BUY,70.01388888888891,84.036,83.1882,85.30770000000001,85.68450000000001,0.47100000000000164,0,1,2
2026-05-01T14:39:44.502315+00:00,9f19760f,BTC,ensemble,BUY,66.79325000000003,78107.0,77303.17142857143,79312.74285714286,79670.0,446.57142857142856,0,1,2
2026-05-01T14:39:46.507918+00:00,9f19760f,ETH,ensemble,BUY,63.012500000000024,2302.4,2277.3542857142857,2339.9685714285715,2351.1,13.914285714285695,0,1,2
2026-05-01T14:39:48.520682+00:00,9f19760f,SOL,ensemble,BUY,70.01388888888891,83.949,83.07934285714285,85.25348571428572,85.64,0.48314285714285893,0,1,2
2026-05-01T14:42:16.404856+00:00,7d5b918e,BTC,ensemble,BUY,66.79325000000003,78105.0,77301.17142857143,79310.74285714286,79668.0,446.57142857142856,0,1,2
2026-05-01T14:42:16.502322+00:00,7d5b918e,ETH,ensemble,BUY,63.012500000000024,2303.8,2278.7542857142857,2341.368571428572,2352.5,13.914285714285695,0,1,2
2026-05-01T14:42:16.609635+00:00,7d5b918e,SOL,ensemble,BUY,70.01388888888891,84.078,83.20834285714285,85.38248571428574,85.769,0.48314285714285893,0,1,2
2026-05-01T14:44:29.715824+00:00,0b428a1b,BTC,ensemble,BUY,66.79325000000003,78105.0,77301.17142857143,79310.74285714286,79668.0,446.57142857142856,0,1,2
2026-05-01T14:44:29.776160+00:00,0b428a1b,ETH,ensemble,BUY,63.012500000000024,2303.8,2278.7542857142857,2341.368571428572,2352.5,13.914285714285695,0,1,2
2026-05-01T14:44:29.870304+00:00,0b428a1b,SOL,ensemble,BUY,70.01388888888891,84.078,83.20834285714285,85.38248571428574,85.769,0.48314285714285893,0,1,2
2026-05-01T14:46:53.962239+00:00,7740c33a,BTC,ensemble,BUY,66.79325000000003,78121.0,77317.17142857143,79326.74285714286,79684.0,446.57142857142856,0,1,2
2026-05-01T14:46:54.992822+00:00,7740c33a,ETH,ensemble,BUY,63.012500000000024,2304.5,2279.4542857142856,2342.068571428572,2353.2,13.914285714285695,0,1,2
2026-05-01T14:46:56.017558+00:00,7740c33a,SOL,ensemble,BUY,70.01388888888891,84.121,83.25134285714284,85.42548571428571,85.812,0.48314285714285893,0,1,2
2026-05-01T14:49:00.738514+00:00,d2d196c8,BTC,ensemble,BUY,51.13394361111113,78299.0,77495.17142857143,79504.74285714286,79862.0,446.57142857142856,0,1,2
2026-05-01T14:49:00.796130+00:00,d2d196c8,ETH,ensemble,BUY,48.239569444444456,2308.9,2283.8542857142857,2346.4685714285715,2357.6,13.914285714285695,0,1,2
2026-05-01T14:51:23.958358+00:00,e9492747,BTC,ensemble,BUY,51.13394361111113,78299.0,77495.17142857143,79504.74285714286,79862.0,446.57142857142856,0,1,2
2026-05-01T14:51:24.013886+00:00,e9492747,ETH,ensemble,BUY,48.239569444444456,2308.9,2283.8542857142857,2346.4685714285715,2357.6,13.914285714285695,0,1,2
2026-05-01T14:54:56.947423+00:00,9012727b,BTC,ensemble,BUY,51.13394361111113,78408.0,77604.17142857143,79613.74285714286,79971.0,446.57142857142856,0,1,2
2026-05-01T14:54:58.067168+00:00,9012727b,ETH,ensemble,BUY,48.239569444444456,2310.6,2285.5542857142855,2348.1685714285713,2359.2999999999997,13.914285714285695,0,1,2
2026-05-01T14:56:01.992613+00:00,1a6770fc,SOL,ensemble,BUY,70.01388888888891,84.17,83.30034285714285,85.47448571428572,85.861,0.48314285714285893,0,1,2
2026-05-01T14:57:12.852938+00:00,190f2c84,BTC,ensemble,BUY,51.13394361111113,78326.0,77522.17142857143,79531.74285714286,79889.0,446.57142857142856,0,1,2
2026-05-01T14:57:12.910723+00:00,190f2c84,ETH,ensemble,BUY,48.239569444444456,2307.3,2282.2542857142857,2344.868571428572,2356.0,13.914285714285695,0,1,2
2026-05-01T14:58:46.377175+00:00,a2f33803,SOL,ensemble,BUY,70.01388888888891,84.17,83.30034285714285,85.47448571428572,85.861,0.48314285714285893,0,1,2
2026-05-01T14:59:51.738390+00:00,0dcede5d,BTC,ensemble,BUY,51.13394361111113,78304.0,77500.17142857143,79509.74285714286,79867.0,446.57142857142856,0,1,2
2026-05-01T14:59:53.892985+00:00,0dcede5d,ETH,ensemble,BUY,48.239569444444456,2307.0,2281.9542857142856,2344.568571428572,2355.7,13.914285714285695,0,1,2
2026-05-01T15:01:23.278141+00:00,8f9c0559,SOL,ensemble,BUY,70.01388888888891,84.173,83.30334285714285,85.47748571428573,85.864,0.48314285714285893,0,1,2
2026-05-01T15:02:25.944265+00:00,213cf2b1,BTC,ensemble,BUY,51.13394361111113,78304.0,77500.17142857143,79509.74285714286,79867.0,446.57142857142856,0,1,2
2026-05-01T15:02:27.724418+00:00,213cf2b1,ETH,ensemble,BUY,48.239569444444456,2307.0,2281.9542857142856,2344.568571428572,2355.7,13.914285714285695,0,1,2
2026-05-01T15:38:03.264111+00:00,9bb1ebff,BTC,ensemble,BUY,47.582975304783965,78647.0,77815.52857142857,79894.20714285714,80263.75,461.92857142857144,0,1,2
2026-05-01T15:40:25.158361+00:00,acf4db38,BTC,ensemble,BUY,47.582975304783965,78647.0,77815.52857142857,79894.20714285714,80263.75,461.92857142857144,0,1,2
2026-05-01T15:42:55.435490+00:00,592beadc,BTC,ensemble,BUY,47.582975304783965,78635.0,77799.15714285715,79888.76428571428,80260.25,464.35714285714283,0,1,2
2026-05-01T15:45:49.360798+00:00,8bd89d89,BTC,ensemble,BUY,51.13394361111113,78668.0,77891.69857142857,79832.45214285715,80177.47499999999,431.27857142857,0,1,2
2026-05-01T15:48:11.830818+00:00,54d22a7b,BTC,ensemble,BUY,51.13394361111113,78668.0,77891.69857142857,79832.45214285715,80177.47499999999,431.27857142857,0,1,2
2026-05-01T15:51:25.079612+00:00,6539516b,BTC,ensemble,BUY,47.582975304783965,78589.0,77753.15714285715,79842.76428571428,80214.25,464.35714285714283,0,1,2
2026-05-01T15:52:43.526272+00:00,f57627da,ETH,ensemble,BUY,64.12187500000002,2305.2,2279.202857142857,2344.1957142857145,2355.7499999999995,14.442857142857097,0,1,2
2026-05-01T15:53:48.718541+00:00,38c9da8a,BTC,ensemble,BUY,51.13394361111113,78406.0,77570.15714285715,79659.76428571428,80031.25,464.35714285714283,0,1,2
2026-05-01T15:54:53.593272+00:00,fe0300aa,ETH,ensemble,BUY,63.012500000000024,2305.2,2279.202857142857,2344.1957142857145,2355.7499999999995,14.442857142857097,0,1,2
2026-05-01T15:56:03.347984+00:00,eb70e0ba,BTC,ensemble,BUY,51.13394361111113,78353.0,77517.15714285715,79606.76428571428,79978.25,464.35714285714283,0,1,2
2026-05-01T15:57:15.075866+00:00,e489d894,ETH,ensemble,BUY,63.012500000000024,2304.8,2278.802857142857,2343.795714285715,2355.35,14.442857142857097,0,1,2
2026-05-01T15:58:25.679727+00:00,7bb7d88d,BTC,ensemble,BUY,51.13394361111113,78353.0,77517.15714285715,79606.76428571428,79978.25,464.35714285714283,0,1,2
2026-05-01T15:59:36.656673+00:00,bc17ba03,ETH,ensemble,BUY,63.012500000000024,2306.6,2280.602857142857,2345.595714285714,2357.1499999999996,14.442857142857097,0,1,2
