time,equity,open_positions,cb_active,drawdown_pct
2026-03-01 06:00:00+00:00,10000,0,False,0.0
2026-03-01 07:00:00+00:00,10000,0,False,0.0
2026-03-01 08:00:00+00:00,10000,0,False,0.0
2026-03-01 09:00:00+00:00,10000,0,False,0.0
2026-03-01 10:00:00+00:00,10000,0,False,0.0
2026-03-01 11:00:00+00:00,10000,0,False,0.0
2026-03-01 12:00:00+00:00,10000,0,False,0.0
2026-03-01 13:00:00+00:00,10000,0,False,0.0
2026-03-01 14:00:00+00:00,10000,0,False,0.0
2026-03-01 15:00:00+00:00,10000,0,False,0.0
2026-03-01 16:00:00+00:00,10000,0,False,0.0
2026-03-01 17:00:00+00:00,10000,0,False,0.0
2026-03-01 18:00:00+00:00,10000,0,False,0.0
2026-03-01 19:00:00+00:00,10000,1,False,0.5
2026-03-01 20:00:00+00:00,10000,1,False,1.2
2026-03-01 21:00:00+00:00,10000,1,False,0.0
2026-03-01 22:00:00+00:00,10000,1,False,1.9
2026-03-01 23:00:00+00:00,10000,1,False,1.3
2026-03-02 00:00:00+00:00,10000,1,False,0.0
2026-03-02 01:00:00+00:00,10000,1,False,0.9
2026-03-02 02:00:00+00:00,10000,1,False,2.7
2026-03-02 03:00:00+00:00,10000,1,False,1.9
2026-03-02 04:00:00+00:00,10000,1,False,4.9
2026-03-02 07:00:00+00:00,9559.035920383334,0,False,7.8
2026-03-02 08:00:00+00:00,9559.035920383334,0,False,7.8
2026-03-02 09:00:00+00:00,9559.035920383334,0,False,7.8
2026-03-02 10:00:00+00:00,9559.035920383334,0,False,7.8
2026-03-02 11:00:00+00:00,9559.035920383334,0,False,7.8
2026-03-02 12:00:00+00:00,9559.035920383334,0,False,7.8
2026-03-02 13:00:00+00:00,9559.035920383334,0,False,7.8
2026-03-02 14:00:00+00:00,9559.035920383334,0,False,7.8
2026-03-02 15:00:00+00:00,9559.035920383334,0,False,7.8
2026-03-02 16:00:00+00:00,9559.035920383334,0,False,7.8
2026-03-02 17:00:00+00:00,9559.035920383334,0,False,7.8
2026-03-02 18:00:00+00:00,9559.035920383334,0,False,7.8
2026-03-02 19:00:00+00:00,9559.035920383334,0,False,7.8
2026-03-02 20:00:00+00:00,9559.035920383334,0,False,7.8
2026-03-02 21:00:00+00:00,9559.035920383334,0,False,7.8
2026-03-02 22:00:00+00:00,9559.035920383334,0,False,7.8
2026-03-02 23:00:00+00:00,9559.035920383334,0,False,7.8
2026-03-03 00:00:00+00:00,9559.035920383334,0,False,7.8
2026-03-03 01:00:00+00:00,9559.035920383334,0,False,7.8
2026-03-03 02:00:00+00:00,9559.035920383334,0,False,7.8
2026-03-03 03:00:00+00:00,9559.035920383334,0,False,7.8
2026-03-03 04:00:00+00:00,9559.035920383334,0,False,7.8
2026-03-03 05:00:00+00:00,9559.035920383334,0,False,7.8
2026-03-03 06:00:00+00:00,9559.035920383334,0,False,7.8
2026-03-03 07:00:00+00:00,9559.035920383334,0,False,7.8
2026-03-03 08:00:00+00:00,9559.035920383334,0,False,7.8
2026-03-03 09:00:00+00:00,9559.035920383334,0,False,7.8
2026-03-03 10:00:00+00:00,9559.035920383334,0,False,7.8
2026-03-03 11:00:00+00:00,9559.035920383334,0,False,7.8
2026-03-03 12:00:00+00:00,9559.035920383334,0,False,7.8
2026-03-03 13:00:00+00:00,9559.035920383334,0,False,7.8
2026-03-03 14:00:00+00:00,9559.035920383334,0,False,7.8
2026-03-03 15:00:00+00:00,9559.035920383334,0,False,7.8
2026-03-03 16:00:00+00:00,9559.035920383334,0,False,7.8
2026-03-03 17:00:00+00:00,9559.035920383334,0,False,7.8
2026-03-03 18:00:00+00:00,9559.035920383334,0,False,7.8
2026-03-03 19:00:00+00:00,9559.035920383334,0,False,7.8
2026-03-03 20:00:00+00:00,9559.035920383334,0,False,7.8
2026-03-03 21:00:00+00:00,9559.035920383334,0,False,7.8
2026-03-03 22:00:00+00:00,9559.035920383334,0,False,7.8
2026-03-03 23:00:00+00:00,9559.035920383334,0,False,7.8
2026-03-04 00:00:00+00:00,9559.035920383334,0,False,7.8
2026-03-04 01:00:00+00:00,9559.035920383334,0,False,7.8
2026-03-04 02:00:00+00:00,9559.035920383334,0,False,7.8
2026-03-04 03:00:00+00:00,9559.035920383334,0,False,7.8
2026-03-04 04:00:00+00:00,9559.035920383334,0,False,7.8
2026-03-04 05:00:00+00:00,9559.035920383334,0,False,7.8
2026-03-04 06:00:00+00:00,9559.035920383334,0,False,7.8
2026-03-04 07:00:00+00:00,9559.035920383334,0,False,7.8
2026-03-04 08:00:00+00:00,9559.035920383334,0,False,7.8
2026-03-04 09:00:00+00:00,9559.035920383334,0,False,7.8
2026-03-04 10:00:00+00:00,9559.035920383334,0,False,7.8
2026-03-04 11:00:00+00:00,9559.035920383334,0,False,7.8
2026-03-04 12:00:00+00:00,9559.035920383334,0,False,7.8
2026-03-04 13:00:00+00:00,9559.035920383334,0,False,7.8
2026-03-04 14:00:00+00:00,9559.035920383334,0,False,7.8
2026-03-04 15:00:00+00:00,9559.035920383334,0,False,7.8
2026-03-04 16:00:00+00:00,9559.035920383334,0,False,7.8
2026-03-04 17:00:00+00:00,9559.035920383334,0,False,7.8
2026-03-04 18:00:00+00:00,9559.035920383334,0,False,7.8
2026-03-04 19:00:00+00:00,9559.035920383334,0,False,7.8
2026-03-04 20:00:00+00:00,9559.035920383334,0,False,7.8
2026-03-04 21:00:00+00:00,9559.035920383334,0,False,7.8
2026-03-04 22:00:00+00:00,9559.035920383334,0,False,7.8
2026-03-04 23:00:00+00:00,9559.035920383334,0,False,7.8
2026-03-05 00:00:00+00:00,9559.035920383334,0,False,7.8
2026-03-05 01:00:00+00:00,9559.035920383334,0,False,7.8
2026-03-05 02:00:00+00:00,9559.035920383334,0,False,7.8
2026-03-05 03:00:00+00:00,9559.035920383334,0,False,7.8
2026-03-05 04:00:00+00:00,9559.035920383334,0,False,7.8
2026-03-05 05:00:00+00:00,9559.035920383334,0,False,7.8
2026-03-05 06:00:00+00:00,9559.035920383334,0,False,7.8
2026-03-05 07:00:00+00:00,9559.035920383334,0,False,7.8
2026-03-05 08:00:00+00:00,9559.035920383334,0,False,7.8
2026-03-05 09:00:00+00:00,9559.035920383334,0,False,7.8
2026-03-05 10:00:00+00:00,9559.035920383334,0,False,7.8
2026-03-05 11:00:00+00:00,9559.035920383334,0,False,7.8
2026-03-05 12:00:00+00:00,9559.035920383334,0,False,7.8
2026-03-05 13:00:00+00:00,9559.035920383334,0,False,7.8
2026-03-05 14:00:00+00:00,9559.035920383334,0,False,7.8
2026-03-05 15:00:00+00:00,9559.035920383334,0,False,7.8
2026-03-05 16:00:00+00:00,9559.035920383334,0,False,7.8
2026-03-05 17:00:00+00:00,9559.035920383334,0,False,7.8
2026-03-05 18:00:00+00:00,9559.035920383334,0,False,7.8
2026-03-05 19:00:00+00:00,9559.035920383334,0,False,7.8
2026-03-05 20:00:00+00:00,9559.035920383334,0,False,7.8
2026-03-05 21:00:00+00:00,9559.035920383334,0,False,7.8
2026-03-05 22:00:00+00:00,9559.035920383334,0,False,7.8
2026-03-05 23:00:00+00:00,9559.035920383334,0,False,7.8
2026-03-06 00:00:00+00:00,9559.035920383334,0,False,7.8
2026-03-06 01:00:00+00:00,9559.035920383334,0,False,7.8
2026-03-06 02:00:00+00:00,9559.035920383334,0,False,7.8
2026-03-06 03:00:00+00:00,9559.035920383334,0,False,7.8
2026-03-06 04:00:00+00:00,9559.035920383334,0,False,7.8
2026-03-06 05:00:00+00:00,9559.035920383334,0,False,7.8
2026-03-06 06:00:00+00:00,9559.035920383334,0,False,7.8
2026-03-06 07:00:00+00:00,9559.035920383334,0,False,7.8
2026-03-06 08:00:00+00:00,9559.035920383334,0,False,7.8
2026-03-06 09:00:00+00:00,9559.035920383334,0,False,7.8
2026-03-06 10:00:00+00:00,9559.035920383334,0,False,7.8
2026-03-06 11:00:00+00:00,9559.035920383334,0,False,7.8
2026-03-06 12:00:00+00:00,9559.035920383334,0,False,7.8
2026-03-06 13:00:00+00:00,9559.035920383334,0,False,7.8
2026-03-06 14:00:00+00:00,9559.035920383334,0,False,7.8
2026-03-06 15:00:00+00:00,9559.035920383334,0,False,7.8
2026-03-06 16:00:00+00:00,9559.035920383334,0,False,7.8
2026-03-06 17:00:00+00:00,9559.035920383334,0,False,7.8
2026-03-06 18:00:00+00:00,9559.035920383334,0,False,7.8
2026-03-06 19:00:00+00:00,9559.035920383334,0,False,7.8
2026-03-06 20:00:00+00:00,9559.035920383334,0,False,7.8
2026-03-06 21:00:00+00:00,9559.035920383334,0,False,7.8
2026-03-06 22:00:00+00:00,9559.035920383334,0,False,7.8
2026-03-06 23:00:00+00:00,9559.035920383334,0,False,7.8
2026-03-07 00:00:00+00:00,9559.035920383334,0,False,7.8
2026-03-07 01:00:00+00:00,9559.035920383334,0,False,7.8
2026-03-07 02:00:00+00:00,9559.035920383334,0,False,7.8
2026-03-07 03:00:00+00:00,9559.035920383334,0,False,7.8
2026-03-07 04:00:00+00:00,9559.035920383334,0,False,7.8
2026-03-07 05:00:00+00:00,9559.035920383334,0,False,7.8
2026-03-07 06:00:00+00:00,9559.035920383334,0,False,7.8
2026-03-07 07:00:00+00:00,9559.035920383334,0,False,7.8
2026-03-07 08:00:00+00:00,9559.035920383334,0,False,7.8
2026-03-07 09:00:00+00:00,9559.035920383334,0,False,7.8
2026-03-07 10:00:00+00:00,9559.035920383334,0,False,7.8
2026-03-07 11:00:00+00:00,9559.035920383334,0,False,7.8
2026-03-07 12:00:00+00:00,9559.035920383334,0,False,7.8
2026-03-07 13:00:00+00:00,9559.035920383334,0,False,7.8
2026-03-07 14:00:00+00:00,9559.035920383334,0,False,7.8
2026-03-07 15:00:00+00:00,9559.035920383334,0,False,7.8
2026-03-07 16:00:00+00:00,9559.035920383334,0,False,7.8
2026-03-07 17:00:00+00:00,9559.035920383334,0,False,7.8
2026-03-07 18:00:00+00:00,9559.035920383334,0,False,7.8
2026-03-07 19:00:00+00:00,9559.035920383334,0,False,7.8
2026-03-07 20:00:00+00:00,9559.035920383334,0,False,7.8
2026-03-07 21:00:00+00:00,9559.035920383334,0,False,7.8
2026-03-07 22:00:00+00:00,9559.035920383334,0,False,7.8
2026-03-07 23:00:00+00:00,9559.035920383334,0,False,7.8
2026-03-08 00:00:00+00:00,9559.035920383334,0,False,7.8
2026-03-08 01:00:00+00:00,9559.035920383334,0,False,7.8
2026-03-08 02:00:00+00:00,9559.035920383334,0,False,7.8
2026-03-08 03:00:00+00:00,9559.035920383334,0,False,7.8
2026-03-08 04:00:00+00:00,9559.035920383334,0,False,7.8
2026-03-08 05:00:00+00:00,9559.035920383334,1,False,8.6
2026-03-08 06:00:00+00:00,9559.035920383334,1,False,7.1
2026-03-08 07:00:00+00:00,9559.035920383334,1,False,9.5
2026-03-08 10:00:00+00:00,9223.994704198336,0,False,11.0
2026-03-08 11:00:00+00:00,9223.994704198336,0,False,11.0
2026-03-08 12:00:00+00:00,9223.994704198336,0,False,11.0
2026-03-08 13:00:00+00:00,9223.994704198336,0,False,11.0
2026-03-08 14:00:00+00:00,9223.994704198336,0,False,11.0
2026-03-08 15:00:00+00:00,9223.994704198336,0,False,11.0
2026-03-08 16:00:00+00:00,9223.994704198336,0,False,11.0
2026-03-08 17:00:00+00:00,9223.994704198336,1,False,11.7
2026-03-08 18:00:00+00:00,9223.994704198336,1,False,11.3
2026-03-08 21:00:00+00:00,8885.884081796961,0,False,14.3
2026-03-08 22:00:00+00:00,8885.884081796961,0,False,14.3
2026-03-08 23:00:00+00:00,8885.884081796961,0,False,14.3
2026-03-09 00:00:00+00:00,8885.884081796961,0,False,14.3
2026-03-09 01:00:00+00:00,8885.884081796961,0,False,14.3
2026-03-09 02:00:00+00:00,8885.884081796961,0,False,14.3
2026-03-09 03:00:00+00:00,8885.884081796961,0,False,14.3
2026-03-09 04:00:00+00:00,8885.884081796961,0,False,14.3
2026-03-09 05:00:00+00:00,8885.884081796961,0,False,14.3
2026-03-09 06:00:00+00:00,8885.884081796961,0,False,14.3
2026-03-09 07:00:00+00:00,8885.884081796961,0,False,14.3
2026-03-09 08:00:00+00:00,8885.884081796961,0,False,14.3
2026-03-09 09:00:00+00:00,8885.884081796961,1,False,12.8
2026-03-09 10:00:00+00:00,8885.884081796961,1,False,14.6
2026-03-09 11:00:00+00:00,8885.884081796961,1,False,11.5
2026-03-09 12:00:00+00:00,8885.884081796961,1,False,8.8
2026-03-09 13:00:00+00:00,9421.703732096961,1,False,2.2
2026-03-09 16:00:00+00:00,10044.013294089487,0,False,3.1
2026-03-09 17:00:00+00:00,10044.013294089487,0,False,3.1
2026-03-09 18:00:00+00:00,10044.013294089487,0,False,3.1
2026-03-09 19:00:00+00:00,10044.013294089487,0,False,3.1
2026-03-09 20:00:00+00:00,10044.013294089487,0,False,3.1
2026-03-09 21:00:00+00:00,10044.013294089487,0,False,3.1
2026-03-09 22:00:00+00:00,10044.013294089487,0,False,3.1
2026-03-09 23:00:00+00:00,10044.013294089487,0,False,3.1
2026-03-10 00:00:00+00:00,10044.013294089487,0,False,3.1
2026-03-10 01:00:00+00:00,10044.013294089487,0,False,3.1
2026-03-10 02:00:00+00:00,10044.013294089487,0,False,3.1
2026-03-10 03:00:00+00:00,10044.013294089487,0,False,3.1
2026-03-01 06:00:00+00:00,10044.013294089487,0,False,3.1
2026-03-01 07:00:00+00:00,10044.013294089487,0,False,3.1
2026-03-01 08:00:00+00:00,10044.013294089487,0,False,3.1
2026-03-01 09:00:00+00:00,10044.013294089487,0,False,3.1
2026-03-01 10:00:00+00:00,10044.013294089487,0,False,3.1
2026-03-01 11:00:00+00:00,10044.013294089487,0,False,3.1
2026-03-01 12:00:00+00:00,10044.013294089487,0,False,3.1
2026-03-01 13:00:00+00:00,10044.013294089487,0,False,3.1
2026-03-01 14:00:00+00:00,10044.013294089487,0,False,3.1
2026-03-01 15:00:00+00:00,10044.013294089487,0,False,3.1
2026-03-01 16:00:00+00:00,10044.013294089487,0,False,3.1
2026-03-01 17:00:00+00:00,10044.013294089487,0,False,3.1
2026-03-01 18:00:00+00:00,10044.013294089487,0,False,3.1
2026-03-01 19:00:00+00:00,10044.013294089487,0,False,3.1
2026-03-01 20:00:00+00:00,10044.013294089487,0,False,3.1
2026-03-01 21:00:00+00:00,10044.013294089487,0,False,3.1
2026-03-01 22:00:00+00:00,10044.013294089487,0,False,3.1
2026-03-01 23:00:00+00:00,10044.013294089487,0,False,3.1
2026-03-02 00:00:00+00:00,10044.013294089487,0,False,3.1
2026-03-02 01:00:00+00:00,10044.013294089487,0,False,3.1
2026-03-02 02:00:00+00:00,10044.013294089487,0,False,3.1
2026-03-02 03:00:00+00:00,10044.013294089487,0,False,3.1
2026-03-02 04:00:00+00:00,10044.013294089487,0,False,3.1
2026-03-02 05:00:00+00:00,10044.013294089487,0,False,3.1
2026-03-02 06:00:00+00:00,10044.013294089487,0,False,3.1
2026-03-02 07:00:00+00:00,10044.013294089487,0,False,3.1
2026-03-02 08:00:00+00:00,10044.013294089487,0,False,3.1
2026-03-02 09:00:00+00:00,10044.013294089487,0,False,3.1
2026-03-02 10:00:00+00:00,10044.013294089487,0,False,3.1
2026-03-02 11:00:00+00:00,10044.013294089487,0,False,3.1
2026-03-02 12:00:00+00:00,10044.013294089487,0,False,3.1
2026-03-02 13:00:00+00:00,10044.013294089487,0,False,3.1
2026-03-02 14:00:00+00:00,10044.013294089487,0,False,3.1
2026-03-02 15:00:00+00:00,10044.013294089487,0,False,3.1
2026-03-02 16:00:00+00:00,10044.013294089487,0,False,3.1
2026-03-02 17:00:00+00:00,10044.013294089487,0,False,3.1
2026-03-02 18:00:00+00:00,10044.013294089487,0,False,3.1
2026-03-02 19:00:00+00:00,10044.013294089487,0,False,3.1
2026-03-02 20:00:00+00:00,10044.013294089487,0,False,3.1
2026-03-02 21:00:00+00:00,10044.013294089487,0,False,3.1
2026-03-02 22:00:00+00:00,10044.013294089487,0,False,3.1
2026-03-02 23:00:00+00:00,10044.013294089487,0,False,3.1
2026-03-03 00:00:00+00:00,10044.013294089487,0,False,3.1
2026-03-03 01:00:00+00:00,10044.013294089487,0,False,3.1
2026-03-03 02:00:00+00:00,10044.013294089487,0,False,3.1
2026-03-03 03:00:00+00:00,10044.013294089487,0,False,3.1
2026-03-03 04:00:00+00:00,10044.013294089487,0,False,3.1
2026-03-03 05:00:00+00:00,10044.013294089487,0,False,3.1
2026-03-03 06:00:00+00:00,10044.013294089487,0,False,3.1
2026-03-03 07:00:00+00:00,10044.013294089487,0,False,3.1
2026-03-03 08:00:00+00:00,10044.013294089487,0,False,3.1
2026-03-03 09:00:00+00:00,10044.013294089487,0,False,3.1
2026-03-03 10:00:00+00:00,10044.013294089487,0,False,3.1
2026-03-03 11:00:00+00:00,10044.013294089487,0,False,3.1
2026-03-03 12:00:00+00:00,10044.013294089487,0,False,3.1
2026-03-03 13:00:00+00:00,10044.013294089487,0,False,3.1
2026-03-03 14:00:00+00:00,10044.013294089487,0,False,3.1
2026-03-03 15:00:00+00:00,10044.013294089487,0,False,3.1
2026-03-03 16:00:00+00:00,10044.013294089487,0,False,3.1
2026-03-03 17:00:00+00:00,10044.013294089487,0,False,3.1
2026-03-03 18:00:00+00:00,10044.013294089487,0,False,3.1
2026-03-03 19:00:00+00:00,10044.013294089487,0,False,3.1
2026-03-03 20:00:00+00:00,10044.013294089487,0,False,3.1
2026-03-03 21:00:00+00:00,10044.013294089487,0,False,3.1
2026-03-03 22:00:00+00:00,10044.013294089487,0,False,3.1
2026-03-03 23:00:00+00:00,10044.013294089487,1,False,1.9
2026-03-04 00:00:00+00:00,10044.013294089487,1,False,2.6
2026-03-04 01:00:00+00:00,10044.013294089487,1,False,1.4
2026-03-04 02:00:00+00:00,10044.013294089487,1,False,1.7
2026-03-04 03:00:00+00:00,10044.013294089487,1,False,4.2
2026-03-04 04:00:00+00:00,10044.013294089487,1,False,5.0
2026-03-04 05:00:00+00:00,10044.013294089487,1,False,4.4
2026-03-04 06:00:00+00:00,10044.013294089487,1,False,4.5
2026-03-04 07:00:00+00:00,10044.013294089487,1,False,1.0
2026-03-04 08:00:00+00:00,10044.013294089487,1,False,0.0
2026-03-04 09:00:00+00:00,10649.62902781282,1,False,0.0
2026-03-04 13:00:00+00:00,10928.30277644337,0,False,0.5
2026-03-04 14:00:00+00:00,10928.30277644337,0,False,0.5
2026-03-04 15:00:00+00:00,10928.30277644337,0,False,0.5
2026-03-04 16:00:00+00:00,10928.30277644337,0,False,0.5
2026-03-04 17:00:00+00:00,10928.30277644337,0,False,0.5
2026-03-04 18:00:00+00:00,10928.30277644337,0,False,0.5
2026-03-04 19:00:00+00:00,10928.30277644337,0,False,0.5
2026-03-04 20:00:00+00:00,10928.30277644337,0,False,0.5
2026-03-04 21:00:00+00:00,10928.30277644337,0,False,0.5
2026-03-04 22:00:00+00:00,10928.30277644337,0,False,0.5
2026-03-04 23:00:00+00:00,10928.30277644337,0,False,0.5
2026-03-05 00:00:00+00:00,10928.30277644337,0,False,0.5
2026-03-05 01:00:00+00:00,10928.30277644337,0,False,0.5
2026-03-05 02:00:00+00:00,10928.30277644337,0,False,0.5
2026-03-05 03:00:00+00:00,10928.30277644337,0,False,0.5
2026-03-05 04:00:00+00:00,10928.30277644337,0,False,0.5
2026-03-05 05:00:00+00:00,10928.30277644337,0,False,0.5
2026-03-05 06:00:00+00:00,10928.30277644337,0,False,0.5
2026-03-05 07:00:00+00:00,10928.30277644337,0,False,0.5
2026-03-05 08:00:00+00:00,10928.30277644337,0,False,0.5
2026-03-05 09:00:00+00:00,10928.30277644337,0,False,0.5
2026-03-05 10:00:00+00:00,10928.30277644337,1,False,0.0
2026-03-05 11:00:00+00:00,10928.30277644337,1,False,1.6
2026-03-05 12:00:00+00:00,10928.30277644337,1,False,1.3
2026-03-05 13:00:00+00:00,10928.30277644337,1,False,3.6
2026-03-05 14:00:00+00:00,10928.30277644337,1,False,3.3
2026-03-05 18:00:00+00:00,10365.126129432208,0,False,7.8
2026-03-05 19:00:00+00:00,10365.126129432208,0,False,7.8
2026-03-05 20:00:00+00:00,10365.126129432208,0,False,7.8
2026-03-05 21:00:00+00:00,10365.126129432208,0,False,7.8
2026-03-05 22:00:00+00:00,10365.126129432208,0,False,7.8
2026-03-05 23:00:00+00:00,10365.126129432208,0,False,7.8
2026-03-06 00:00:00+00:00,10365.126129432208,0,False,7.8
2026-03-06 01:00:00+00:00,10365.126129432208,0,False,7.8
2026-03-06 02:00:00+00:00,10365.126129432208,0,False,7.8
2026-03-06 03:00:00+00:00,10365.126129432208,0,False,7.8
2026-03-06 04:00:00+00:00,10365.126129432208,0,False,7.8
2026-03-06 05:00:00+00:00,10365.126129432208,0,False,7.8
2026-03-06 06:00:00+00:00,10365.126129432208,0,False,7.8
2026-03-06 07:00:00+00:00,10365.126129432208,0,False,7.8
2026-03-06 08:00:00+00:00,10365.126129432208,0,False,7.8
2026-03-06 09:00:00+00:00,10365.126129432208,0,False,7.8
2026-03-06 10:00:00+00:00,10365.126129432208,0,False,7.8
2026-03-06 11:00:00+00:00,10365.126129432208,0,False,7.8
2026-03-06 12:00:00+00:00,10365.126129432208,0,False,7.8
2026-03-06 13:00:00+00:00,10365.126129432208,0,False,7.8
2026-03-06 14:00:00+00:00,10365.126129432208,0,False,7.8
2026-03-06 15:00:00+00:00,10365.126129432208,0,False,7.8
2026-03-06 16:00:00+00:00,10365.126129432208,0,False,7.8
2026-03-06 17:00:00+00:00,10365.126129432208,0,False,7.8
2026-03-06 18:00:00+00:00,10365.126129432208,0,False,7.8
2026-03-06 19:00:00+00:00,10365.126129432208,0,False,7.8
2026-03-06 20:00:00+00:00,10365.126129432208,0,False,7.8
2026-03-06 21:00:00+00:00,10365.126129432208,0,False,7.8
2026-03-06 22:00:00+00:00,10365.126129432208,0,False,7.8
2026-03-06 23:00:00+00:00,10365.126129432208,0,False,7.8
2026-03-07 00:00:00+00:00,10365.126129432208,0,False,7.8
2026-03-07 01:00:00+00:00,10365.126129432208,0,False,7.8
2026-03-07 02:00:00+00:00,10365.126129432208,0,False,7.8
2026-03-07 03:00:00+00:00,10365.126129432208,0,False,7.8
2026-03-07 04:00:00+00:00,10365.126129432208,0,False,7.8
2026-03-07 05:00:00+00:00,10365.126129432208,0,False,7.8
2026-03-07 06:00:00+00:00,10365.126129432208,0,False,7.8
2026-03-07 07:00:00+00:00,10365.126129432208,0,False,7.8
2026-03-07 08:00:00+00:00,10365.126129432208,0,False,7.8
2026-03-07 09:00:00+00:00,10365.126129432208,0,False,7.8
2026-03-07 10:00:00+00:00,10365.126129432208,0,False,7.8
2026-03-07 11:00:00+00:00,10365.126129432208,0,False,7.8
2026-03-07 12:00:00+00:00,10365.126129432208,0,False,7.8
2026-03-07 13:00:00+00:00,10365.126129432208,0,False,7.8
2026-03-07 14:00:00+00:00,10365.126129432208,0,False,7.8
2026-03-07 15:00:00+00:00,10365.126129432208,0,False,7.8
2026-03-07 16:00:00+00:00,10365.126129432208,0,False,7.8
2026-03-07 17:00:00+00:00,10365.126129432208,0,False,7.8
2026-03-07 18:00:00+00:00,10365.126129432208,0,False,7.8
2026-03-07 19:00:00+00:00,10365.126129432208,0,False,7.8
2026-03-07 20:00:00+00:00,10365.126129432208,0,False,7.8
2026-03-07 21:00:00+00:00,10365.126129432208,0,False,7.8
2026-03-07 22:00:00+00:00,10365.126129432208,0,False,7.8
2026-03-07 23:00:00+00:00,10365.126129432208,0,False,7.8
2026-03-08 00:00:00+00:00,10365.126129432208,0,False,7.8
2026-03-08 01:00:00+00:00,10365.126129432208,0,False,7.8
2026-03-08 02:00:00+00:00,10365.126129432208,0,False,7.8
2026-03-08 03:00:00+00:00,10365.126129432208,1,False,7.8
2026-03-08 04:00:00+00:00,10365.126129432208,1,False,6.8
2026-03-08 05:00:00+00:00,10365.126129432208,1,False,8.2
2026-03-08 06:00:00+00:00,10365.126129432208,1,False,8.1
2026-03-08 07:00:00+00:00,10365.126129432208,1,False,9.3
2026-03-08 08:00:00+00:00,10365.126129432208,1,False,9.7
2026-03-08 12:00:00+00:00,10055.030481736638,0,False,10.6
2026-03-08 13:00:00+00:00,10055.030481736638,1,False,10.3
2026-03-08 14:00:00+00:00,10055.030481736638,1,False,10.6
2026-03-08 15:00:00+00:00,10055.030481736638,1,False,10.2
2026-03-08 16:00:00+00:00,10055.030481736638,1,False,9.3
2026-03-08 17:00:00+00:00,10055.030481736638,1,False,9.5
2026-03-08 18:00:00+00:00,10055.030481736638,1,False,9.4
2026-03-08 19:00:00+00:00,10055.030481736638,1,False,10.9
2026-03-08 20:00:00+00:00,10055.030481736638,1,False,10.6
2026-03-08 21:00:00+00:00,10055.030481736638,1,False,10.6
2026-03-08 22:00:00+00:00,10055.030481736638,1,False,10.1
2026-03-08 23:00:00+00:00,10055.030481736638,1,False,9.4
2026-03-09 00:00:00+00:00,10055.030481736638,1,False,10.7
2026-03-09 01:00:00+00:00,10055.030481736638,1,False,10.3
2026-03-09 02:00:00+00:00,10055.030481736638,1,False,11.3
2026-03-09 06:00:00+00:00,9608.114867871409,0,False,14.5
2026-03-09 07:00:00+00:00,9608.114867871409,0,False,14.5
2026-03-09 08:00:00+00:00,9608.114867871409,0,False,14.5
2026-03-09 09:00:00+00:00,9608.114867871409,0,False,14.5
2026-03-09 10:00:00+00:00,9608.114867871409,0,False,14.5
2026-03-09 11:00:00+00:00,9608.114867871409,0,False,14.5
2026-03-09 12:00:00+00:00,9608.114867871409,0,False,14.5
2026-03-09 13:00:00+00:00,9608.114867871409,0,False,14.5
2026-03-09 14:00:00+00:00,9608.114867871409,0,False,14.5
2026-03-09 15:00:00+00:00,9608.114867871409,0,False,14.5
2026-03-09 16:00:00+00:00,9608.114867871409,0,False,14.5
2026-03-09 17:00:00+00:00,9608.114867871409,0,False,14.5
2026-03-09 18:00:00+00:00,9608.114867871409,0,False,14.5
2026-03-09 19:00:00+00:00,9608.114867871409,0,False,14.5
2026-03-09 20:00:00+00:00,9608.114867871409,1,False,15.0
2026-03-09 21:00:00+00:00,9608.114867871409,1,False,14.5
2026-03-09 22:00:00+00:00,9608.114867871409,1,False,15.3
2026-03-09 23:00:00+00:00,9608.114867871409,1,False,17.3
2026-03-10 00:00:00+00:00,9608.114867871409,1,False,15.7
2026-03-10 01:00:00+00:00,9608.114867871409,1,False,15.3
2026-03-10 02:00:00+00:00,9608.114867871409,1,False,13.0
2026-03-10 03:00:00+00:00,9608.114867871409,1,False,15.7
2026-03-01 06:00:00+00:00,9470.275198421406,0,False,15.8
2026-03-01 07:00:00+00:00,9470.275198421406,0,False,15.8
2026-03-01 08:00:00+00:00,9470.275198421406,0,False,15.8
2026-03-01 09:00:00+00:00,9470.275198421406,0,False,15.8
2026-03-01 10:00:00+00:00,9470.275198421406,0,False,15.8
2026-03-01 11:00:00+00:00,9470.275198421406,0,False,15.8
2026-03-01 12:00:00+00:00,9470.275198421406,0,False,15.8
2026-03-01 13:00:00+00:00,9470.275198421406,0,False,15.8
2026-03-01 14:00:00+00:00,9470.275198421406,0,False,15.8
2026-03-01 15:00:00+00:00,9470.275198421406,0,False,15.8
2026-03-01 16:00:00+00:00,9470.275198421406,0,False,15.8
2026-03-01 17:00:00+00:00,9470.275198421406,0,False,15.8
2026-03-01 18:00:00+00:00,9470.275198421406,0,False,15.8
2026-03-01 19:00:00+00:00,9470.275198421406,0,False,15.8
2026-03-01 20:00:00+00:00,9470.275198421406,0,False,15.8
2026-03-01 21:00:00+00:00,9470.275198421406,0,False,15.8
2026-03-01 22:00:00+00:00,9470.275198421406,0,False,15.8
2026-03-01 23:00:00+00:00,9470.275198421406,0,False,15.8
2026-03-02 00:00:00+00:00,9470.275198421406,0,False,15.8
2026-03-02 01:00:00+00:00,9470.275198421406,0,False,15.8
2026-03-02 02:00:00+00:00,9470.275198421406,0,False,15.8
2026-03-02 03:00:00+00:00,9470.275198421406,0,False,15.8
2026-03-02 04:00:00+00:00,9470.275198421406,0,False,15.8
2026-03-02 05:00:00+00:00,9470.275198421406,0,False,15.8
2026-03-02 06:00:00+00:00,9470.275198421406,0,False,15.8
2026-03-02 07:00:00+00:00,9470.275198421406,0,False,15.8
2026-03-02 08:00:00+00:00,9470.275198421406,0,False,15.8
2026-03-02 09:00:00+00:00,9470.275198421406,0,False,15.8
2026-03-02 10:00:00+00:00,9470.275198421406,0,False,15.8
2026-03-02 11:00:00+00:00,9470.275198421406,0,False,15.8
2026-03-02 12:00:00+00:00,9470.275198421406,0,False,15.8
2026-03-02 13:00:00+00:00,9470.275198421406,0,False,15.8
2026-03-02 14:00:00+00:00,9470.275198421406,0,False,15.8
2026-03-02 15:00:00+00:00,9470.275198421406,0,False,15.8
2026-03-02 16:00:00+00:00,9470.275198421406,0,False,15.8
2026-03-02 17:00:00+00:00,9470.275198421406,0,False,15.8
2026-03-02 18:00:00+00:00,9470.275198421406,0,False,15.8
2026-03-02 19:00:00+00:00,9470.275198421406,0,False,15.8
2026-03-02 20:00:00+00:00,9470.275198421406,0,False,15.8
2026-03-02 21:00:00+00:00,9470.275198421406,0,False,15.8
2026-03-02 22:00:00+00:00,9470.275198421406,0,False,15.8
2026-03-02 23:00:00+00:00,9470.275198421406,0,False,15.8
2026-03-03 00:00:00+00:00,9470.275198421406,0,False,15.8
2026-03-03 01:00:00+00:00,9470.275198421406,0,False,15.8
2026-03-03 02:00:00+00:00,9470.275198421406,0,False,15.8
2026-03-03 03:00:00+00:00,9470.275198421406,0,False,15.8
2026-03-03 04:00:00+00:00,9470.275198421406,0,False,15.8
2026-03-03 05:00:00+00:00,9470.275198421406,0,False,15.8
2026-03-03 06:00:00+00:00,9470.275198421406,0,False,15.8
2026-03-03 07:00:00+00:00,9470.275198421406,0,False,15.8
2026-03-03 08:00:00+00:00,9470.275198421406,0,False,15.8
2026-03-03 09:00:00+00:00,9470.275198421406,0,False,15.8
2026-03-03 10:00:00+00:00,9470.275198421406,0,False,15.8
2026-03-03 11:00:00+00:00,9470.275198421406,0,False,15.8
2026-03-03 12:00:00+00:00,9470.275198421406,0,False,15.8
2026-03-03 13:00:00+00:00,9470.275198421406,0,False,15.8
2026-03-03 14:00:00+00:00,9470.275198421406,0,False,15.8
2026-03-03 15:00:00+00:00,9470.275198421406,0,False,15.8
2026-03-03 16:00:00+00:00,9470.275198421406,0,False,15.8
2026-03-03 17:00:00+00:00,9470.275198421406,0,False,15.8
2026-03-03 18:00:00+00:00,9470.275198421406,0,False,15.8
2026-03-03 19:00:00+00:00,9470.275198421406,0,False,15.8
2026-03-03 20:00:00+00:00,9470.275198421406,0,False,15.8
2026-03-03 21:00:00+00:00,9470.275198421406,0,False,15.8
2026-03-03 22:00:00+00:00,9470.275198421406,0,False,15.8
2026-03-03 23:00:00+00:00,9470.275198421406,0,False,15.8
2026-03-04 00:00:00+00:00,9470.275198421406,0,False,15.8
2026-03-04 01:00:00+00:00,9470.275198421406,0,False,15.8
2026-03-04 02:00:00+00:00,9470.275198421406,0,False,15.8
2026-03-04 03:00:00+00:00,9470.275198421406,0,False,15.8
2026-03-04 04:00:00+00:00,9470.275198421406,0,False,15.8
2026-03-04 05:00:00+00:00,9470.275198421406,0,False,15.8
2026-03-04 06:00:00+00:00,9470.275198421406,0,False,15.8
2026-03-04 07:00:00+00:00,9470.275198421406,0,False,15.8
2026-03-04 08:00:00+00:00,9470.275198421406,0,False,15.8
2026-03-04 09:00:00+00:00,9470.275198421406,0,False,15.8
2026-03-04 10:00:00+00:00,9470.275198421406,0,False,15.8
2026-03-04 11:00:00+00:00,9470.275198421406,0,False,15.8
2026-03-04 12:00:00+00:00,9470.275198421406,0,False,15.8
2026-03-04 13:00:00+00:00,9470.275198421406,0,False,15.8
2026-03-04 14:00:00+00:00,9470.275198421406,0,False,15.8
2026-03-04 15:00:00+00:00,9470.275198421406,0,False,15.8
2026-03-04 16:00:00+00:00,9470.275198421406,0,False,15.8
2026-03-04 17:00:00+00:00,9470.275198421406,0,False,15.8
2026-03-04 18:00:00+00:00,9470.275198421406,0,False,15.8
2026-03-04 19:00:00+00:00,9470.275198421406,0,False,15.8
2026-03-04 20:00:00+00:00,9470.275198421406,0,False,15.8
2026-03-04 21:00:00+00:00,9470.275198421406,0,False,15.8
2026-03-04 22:00:00+00:00,9470.275198421406,0,False,15.8
2026-03-04 23:00:00+00:00,9470.275198421406,0,False,15.8
2026-03-05 00:00:00+00:00,9470.275198421406,0,False,15.8
2026-03-05 01:00:00+00:00,9470.275198421406,0,False,15.8
2026-03-05 02:00:00+00:00,9470.275198421406,0,False,15.8
2026-03-05 03:00:00+00:00,9470.275198421406,0,False,15.8
2026-03-05 04:00:00+00:00,9470.275198421406,0,False,15.8
2026-03-05 05:00:00+00:00,9470.275198421406,0,False,15.8
2026-03-05 06:00:00+00:00,9470.275198421406,0,False,15.8
2026-03-05 07:00:00+00:00,9470.275198421406,0,False,15.8
2026-03-05 08:00:00+00:00,9470.275198421406,0,False,15.8
2026-03-05 09:00:00+00:00,9470.275198421406,0,False,15.8
2026-03-05 10:00:00+00:00,9470.275198421406,1,False,13.5
2026-03-05 11:00:00+00:00,9470.275198421406,1,False,14.9
2026-03-05 12:00:00+00:00,9470.275198421406,1,False,15.0
2026-03-05 13:00:00+00:00,9470.275198421406,1,False,16.2
2026-03-05 14:00:00+00:00,9470.275198421406,1,False,15.9
2026-03-05 20:00:00+00:00,8963.68790926637,0,False,20.3
2026-03-05 21:00:00+00:00,8963.68790926637,0,False,20.3
2026-03-05 22:00:00+00:00,8963.68790926637,0,False,20.3
2026-03-05 23:00:00+00:00,8963.68790926637,0,False,20.3
2026-03-06 00:00:00+00:00,8963.68790926637,0,False,20.3
2026-03-06 01:00:00+00:00,8963.68790926637,0,False,20.3
2026-03-06 02:00:00+00:00,8963.68790926637,0,False,20.3
2026-03-06 03:00:00+00:00,8963.68790926637,0,False,20.3
2026-03-06 04:00:00+00:00,8963.68790926637,0,False,20.3
2026-03-06 05:00:00+00:00,8963.68790926637,0,False,20.3
2026-03-06 06:00:00+00:00,8963.68790926637,0,False,20.3
2026-03-06 07:00:00+00:00,8963.68790926637,0,False,20.3
2026-03-06 08:00:00+00:00,8963.68790926637,0,False,20.3
2026-03-06 09:00:00+00:00,8963.68790926637,0,False,20.3
2026-03-06 10:00:00+00:00,8963.68790926637,0,False,20.3
2026-03-06 11:00:00+00:00,8963.68790926637,0,False,20.3
2026-03-06 12:00:00+00:00,8963.68790926637,0,False,20.3
2026-03-06 13:00:00+00:00,8963.68790926637,0,False,20.3
2026-03-06 14:00:00+00:00,8963.68790926637,0,False,20.3
2026-03-06 15:00:00+00:00,8963.68790926637,0,False,20.3
2026-03-06 16:00:00+00:00,8963.68790926637,0,False,20.3
2026-03-06 17:00:00+00:00,8963.68790926637,0,False,20.3
2026-03-06 18:00:00+00:00,8963.68790926637,0,False,20.3
2026-03-06 19:00:00+00:00,8963.68790926637,0,False,20.3
2026-03-06 20:00:00+00:00,8963.68790926637,0,False,20.3
2026-03-06 21:00:00+00:00,8963.68790926637,0,False,20.3
2026-03-06 22:00:00+00:00,8963.68790926637,0,False,20.3
2026-03-06 23:00:00+00:00,8963.68790926637,0,False,20.3
2026-03-07 00:00:00+00:00,8963.68790926637,0,False,20.3
2026-03-07 01:00:00+00:00,8963.68790926637,0,False,20.3
2026-03-07 02:00:00+00:00,8963.68790926637,0,False,20.3
2026-03-07 03:00:00+00:00,8963.68790926637,0,False,20.3
2026-03-07 04:00:00+00:00,8963.68790926637,0,False,20.3
2026-03-07 05:00:00+00:00,8963.68790926637,0,False,20.3
2026-03-07 06:00:00+00:00,8963.68790926637,0,False,20.3
2026-03-07 07:00:00+00:00,8963.68790926637,0,False,20.3
2026-03-07 08:00:00+00:00,8963.68790926637,0,False,20.3
2026-03-07 09:00:00+00:00,8963.68790926637,0,False,20.3
2026-03-07 10:00:00+00:00,8963.68790926637,0,False,20.3
2026-03-07 11:00:00+00:00,8963.68790926637,0,False,20.3
2026-03-07 12:00:00+00:00,8963.68790926637,0,False,20.3
2026-03-07 13:00:00+00:00,8963.68790926637,0,False,20.3
2026-03-07 14:00:00+00:00,8963.68790926637,0,False,20.3
2026-03-07 15:00:00+00:00,8963.68790926637,0,False,20.3
2026-03-07 16:00:00+00:00,8963.68790926637,0,False,20.3
2026-03-07 17:00:00+00:00,8963.68790926637,0,False,20.3
2026-03-07 18:00:00+00:00,8963.68790926637,0,False,20.3
2026-03-07 19:00:00+00:00,8963.68790926637,0,False,20.3
2026-03-07 20:00:00+00:00,8963.68790926637,0,False,20.3
2026-03-07 21:00:00+00:00,8963.68790926637,0,False,20.3
2026-03-07 22:00:00+00:00,8963.68790926637,0,False,20.3
2026-03-07 23:00:00+00:00,8963.68790926637,0,False,20.3
2026-03-08 00:00:00+00:00,8963.68790926637,0,False,20.3
2026-03-08 01:00:00+00:00,8963.68790926637,0,False,20.3
2026-03-08 02:00:00+00:00,8963.68790926637,0,False,20.3
2026-03-08 03:00:00+00:00,8963.68790926637,1,False,20.8
2026-03-08 04:00:00+00:00,8963.68790926637,1,False,19.3
2026-03-08 05:00:00+00:00,8963.68790926637,1,False,21.2
2026-03-08 06:00:00+00:00,8963.68790926637,1,False,21.3
2026-03-08 12:00:00+00:00,8699.781621522674,0,False,22.6
2026-03-08 13:00:00+00:00,8699.781621522674,1,False,22.5
2026-03-08 14:00:00+00:00,8699.781621522674,1,False,22.8
2026-03-08 15:00:00+00:00,8699.781621522674,1,False,22.4
2026-03-08 16:00:00+00:00,8699.781621522674,1,False,21.5
2026-03-08 17:00:00+00:00,8699.781621522674,1,False,22.0
2026-03-08 18:00:00+00:00,8699.781621522674,1,False,21.3
2026-03-08 19:00:00+00:00,8699.781621522674,1,False,22.8
2026-03-08 20:00:00+00:00,8699.781621522674,1,False,22.4
2026-03-08 21:00:00+00:00,8699.781621522674,1,False,21.9
2026-03-08 22:00:00+00:00,9051.991409662673,1,False,18.6
2026-03-09 04:00:00+00:00,9112.774373488312,0,False,18.9
2026-03-09 05:00:00+00:00,9112.774373488312,0,False,18.9
2026-03-09 06:00:00+00:00,9112.774373488312,0,False,18.9
2026-03-09 07:00:00+00:00,9112.774373488312,0,False,18.9
2026-03-09 08:00:00+00:00,9112.774373488312,0,False,18.9
2026-03-09 09:00:00+00:00,9112.774373488312,0,False,18.9
2026-03-09 10:00:00+00:00,9112.774373488312,0,False,18.9
2026-03-09 11:00:00+00:00,9112.774373488312,0,False,18.9
2026-03-09 12:00:00+00:00,9112.774373488312,0,False,18.9
2026-03-09 13:00:00+00:00,9112.774373488312,0,False,18.9
2026-03-09 14:00:00+00:00,9112.774373488312,0,False,18.9
2026-03-09 15:00:00+00:00,9112.774373488312,0,False,18.9
2026-03-09 16:00:00+00:00,9112.774373488312,0,False,18.9
2026-03-09 17:00:00+00:00,9112.774373488312,0,False,18.9
2026-03-09 18:00:00+00:00,9112.774373488312,0,False,18.9
2026-03-09 19:00:00+00:00,9112.774373488312,0,False,18.9
2026-03-09 20:00:00+00:00,9112.774373488312,0,False,18.9
2026-03-09 21:00:00+00:00,9112.774373488312,0,False,18.9
2026-03-09 22:00:00+00:00,9112.774373488312,0,False,18.9
2026-03-09 23:00:00+00:00,9112.774373488312,0,False,18.9
2026-03-10 00:00:00+00:00,9112.774373488312,0,False,18.9
2026-03-10 01:00:00+00:00,9112.774373488312,0,False,18.9
2026-03-10 02:00:00+00:00,9112.774373488312,1,False,14.6
2026-03-10 03:00:00+00:00,9112.774373488312,1,False,18.4
